-- phpMyAdmin SQL Dump
-- version 4.5.1
-- http://www.phpmyadmin.net
--
-- Host: 127.0.0.1
-- Generation Time: Feb 12, 2017 at 02:30 PM
-- Server version: 10.1.8-MariaDB
-- PHP Version: 5.6.14

SET SQL_MODE = "NO_AUTO_VALUE_ON_ZERO";
SET time_zone = "+00:00";


/*!40101 SET @OLD_CHARACTER_SET_CLIENT=@@CHARACTER_SET_CLIENT */;
/*!40101 SET @OLD_CHARACTER_SET_RESULTS=@@CHARACTER_SET_RESULTS */;
/*!40101 SET @OLD_COLLATION_CONNECTION=@@COLLATION_CONNECTION */;
/*!40101 SET NAMES utf8mb4 */;

--
-- Database: `notice_db`
--

-- --------------------------------------------------------

--
-- Table structure for table `category`
--

CREATE TABLE `category` (
  `category_id` int(10) UNSIGNED NOT NULL,
  `category_name` varchar(250) NOT NULL,
  `category_status` enum('active','inactive') NOT NULL
) ENGINE=InnoDB DEFAULT CHARSET=latin1;

--
-- Dumping data for table `category`
--

INSERT INTO `category` (`category_id`, `category_name`, `category_status`) VALUES
(1, 'level 100', 'active'),
(2, 'level 200', 'active'),
(3, 'level 300', 'active'),
(4, 'level 400', 'active'),
(5, 'level 500', 'active'),
(6, 'spill over', 'active'),
(7, 'General', 'active');

-- --------------------------------------------------------

--
-- Table structure for table `ci_sessions`
--

CREATE TABLE `ci_sessions` (
  `id` varchar(40) NOT NULL,
  `ip_address` varchar(45) NOT NULL,
  `timestamp` int(10) UNSIGNED NOT NULL DEFAULT '0',
  `data` blob NOT NULL
) ENGINE=InnoDB DEFAULT CHARSET=latin1;

--
-- Dumping data for table `ci_sessions`
--

INSERT INTO `ci_sessions` (`id`, `ip_address`, `timestamp`, `data`) VALUES
('9850292812d02f29f40497adbc4ab40830f93356', '::1', 1486890847, 0x5f5f63695f6c6173745f726567656e65726174657c693a313438363839303537323b757365725f69647c733a313a2234223b6e616d657c733a353a2261646d696e223b757365725f6c6576656c7c733a313a2231223b6c6f67676564696e7c623a313b),
('3e97f1809cd0920c1b8c37123494159f921a3c0f', '::1', 1486892334, 0x5f5f63695f6c6173745f726567656e65726174657c693a313438363839323037313b757365725f69647c733a313a2234223b6e616d657c733a353a2261646d696e223b757365725f6c6576656c7c733a313a2231223b6c6f67676564696e7c623a313b),
('d32ef9ed8a3496aa0f7f2bbf28f9df3ae5ebc846', '::1', 1486892490, 0x5f5f63695f6c6173745f726567656e65726174657c693a313438363839323438313b757365725f69647c733a313a2234223b6e616d657c733a353a2261646d696e223b757365725f6c6576656c7c733a313a2231223b6c6f67676564696e7c623a313b),
('fb4fa5c0c41a8671254d9af876cd4fca1adf09b2', '::1', 1486894533, 0x5f5f63695f6c6173745f726567656e65726174657c693a313438363839343531353b757365725f69647c733a313a2234223b6e616d657c733a353a2261646d696e223b757365725f6c6576656c7c733a313a2231223b6c6f67676564696e7c623a313b),
('5b2a81916c215b624dd23be01d640ccdbe02a0ea', '::1', 1486895435, 0x5f5f63695f6c6173745f726567656e65726174657c693a313438363839353135393b757365725f69647c733a313a2234223b6e616d657c733a353a2261646d696e223b757365725f6c6576656c7c733a313a2231223b6c6f67676564696e7c623a313b),
('426d2caad59cd88fae1b33be5ebea97228384573', '::1', 1486895748, 0x5f5f63695f6c6173745f726567656e65726174657c693a313438363839353436343b757365725f69647c733a313a2234223b6e616d657c733a353a2261646d696e223b757365725f6c6576656c7c733a313a2231223b6c6f67676564696e7c623a313b),
('c8bbb09ffd8f11cdd3ff2ba68692e12ea362108d', '::1', 1486896001, 0x5f5f63695f6c6173745f726567656e65726174657c693a313438363839353739333b757365725f69647c733a313a2234223b6e616d657c733a353a2261646d696e223b757365725f6c6576656c7c733a313a2231223b6c6f67676564696e7c623a313b),
('51a15315c21343f983d40331e09b53a09c5c1268', '::1', 1486896471, 0x5f5f63695f6c6173745f726567656e65726174657c693a313438363839363231333b757365725f69647c733a313a2234223b6e616d657c733a353a2261646d696e223b757365725f6c6576656c7c733a313a2231223b6c6f67676564696e7c623a313b),
('04c05f2df9502cc91ddf080a83eb2008a5ce5168', '::1', 1486896777, 0x5f5f63695f6c6173745f726567656e65726174657c693a313438363839363532373b757365725f69647c733a313a2234223b6e616d657c733a353a2261646d696e223b757365725f6c6576656c7c733a313a2231223b6c6f67676564696e7c623a313b),
('1148a4c7318a1d2cd91f9483be007af2f66591b5', '::1', 1486897127, 0x5f5f63695f6c6173745f726567656e65726174657c693a313438363839363931313b757365725f69647c733a313a2234223b6e616d657c733a353a2261646d696e223b757365725f6c6576656c7c733a313a2231223b6c6f67676564696e7c623a313b),
('9838a326e3b352d0f1362d38d5aea74a1634f993', '::1', 1486897699, 0x5f5f63695f6c6173745f726567656e65726174657c693a313438363839373430323b757365725f69647c733a313a2234223b6e616d657c733a353a2261646d696e223b757365725f6c6576656c7c733a313a2231223b6c6f67676564696e7c623a313b),
('3ff0af553dc5e481b7f1c809f32e54066ceada49', '::1', 1486898078, 0x5f5f63695f6c6173745f726567656e65726174657c693a313438363839373830333b757365725f69647c733a313a2234223b6e616d657c733a353a2261646d696e223b757365725f6c6576656c7c733a313a2231223b6c6f67676564696e7c623a313b),
('3353e9d790839ccdfdb7a36f7c19a74cdbc06e82', '::1', 1486898344, 0x5f5f63695f6c6173745f726567656e65726174657c693a313438363839383139383b757365725f69647c733a313a2234223b6e616d657c733a353a2261646d696e223b757365725f6c6576656c7c733a313a2231223b6c6f67676564696e7c623a313b),
('d9bc7311c54417ddaa123f4ace912d20acec9c52', '::1', 1486898803, 0x5f5f63695f6c6173745f726567656e65726174657c693a313438363839383531353b757365725f69647c733a313a2234223b6e616d657c733a353a2261646d696e223b757365725f6c6576656c7c733a313a2231223b6c6f67676564696e7c623a313b),
('67aa48dae72bfaa00b75cf07e2f5c87173662dca', '::1', 1486899134, 0x5f5f63695f6c6173745f726567656e65726174657c693a313438363839383834313b757365725f69647c733a313a2234223b6e616d657c733a353a2261646d696e223b757365725f6c6576656c7c733a313a2231223b6c6f67676564696e7c623a313b),
('c0009f804db4cd764381927d2262f53ef619542b', '::1', 1486899580, 0x5f5f63695f6c6173745f726567656e65726174657c693a313438363839393338383b757365725f69647c733a313a2234223b6e616d657c733a353a2261646d696e223b757365725f6c6576656c7c733a313a2231223b6c6f67676564696e7c623a313b),
('205975ddb9a5d40b6727632d9e7b7b6e5740fca1', '::1', 1486899928, 0x5f5f63695f6c6173745f726567656e65726174657c693a313438363839393738373b757365725f69647c733a313a2234223b6e616d657c733a353a2261646d696e223b757365725f6c6576656c7c733a313a2231223b6c6f67676564696e7c623a313b),
('8bf7563717c2d0f9bb00a44d99c56c180d1bd0c2', '::1', 1486900384, 0x5f5f63695f6c6173745f726567656e65726174657c693a313438363930303133373b757365725f69647c733a313a2234223b6e616d657c733a353a2261646d696e223b757365725f6c6576656c7c733a313a2231223b6c6f67676564696e7c623a313b),
('b0d3c41e57c4f5107a10bd393050ef06e041a9ce', '::1', 1486900862, 0x5f5f63695f6c6173745f726567656e65726174657c693a313438363930303632373b757365725f69647c733a313a2234223b6e616d657c733a353a2261646d696e223b757365725f6c6576656c7c733a313a2231223b6c6f67676564696e7c623a313b),
('9dd9450b2b4e527d606d1f8c55ec375a7c2febaa', '::1', 1486901259, 0x5f5f63695f6c6173745f726567656e65726174657c693a313438363930313032313b757365725f69647c733a313a2234223b6e616d657c733a353a2261646d696e223b757365725f6c6576656c7c733a313a2231223b6c6f67676564696e7c623a313b),
('4ee8c25dfe611c64b35d96490d3b942d3959e37a', '::1', 1486901228, 0x5f5f63695f6c6173745f726567656e65726174657c693a313438363930313131363b757365725f69647c733a313a2232223b6e616d657c733a31353a22756d617220616264756c726168696d223b7265675f6e6f7c733a31363a226565732f31342f67656f2f3030303833223b6c6f67676564696e7c623a313b6d6573736167657c733a36363a22596f757220706f737420686173206265656e207375636365737366756c7920706f737465642c207761697420666f722061646d696e20766572696669636174696f6e223b5f5f63695f766172737c613a313a7b733a373a226d657373616765223b733a333a226f6c64223b7d),
('582ee653e5e3e623f27d1c09723b4e75cbde5f72', '::1', 1486901523, 0x5f5f63695f6c6173745f726567656e65726174657c693a313438363930313436343b757365725f69647c733a313a2234223b6e616d657c733a353a2261646d696e223b757365725f6c6576656c7c733a313a2231223b6c6f67676564696e7c623a313b),
('36d8cb5a36d374b75d8ef4b596c9bd87cd21b1ff', '::1', 1486901947, 0x5f5f63695f6c6173745f726567656e65726174657c693a313438363930313839313b757365725f69647c733a313a2232223b6e616d657c733a31353a22756d617220616264756c726168696d223b7265675f6e6f7c733a31363a226565732f31342f67656f2f3030303833223b6c6f67676564696e7c623a313b),
('4b2751f20a195e99e0ba9079daba8569332badef', '::1', 1486902179, 0x5f5f63695f6c6173745f726567656e65726174657c693a313438363930323030303b757365725f69647c733a313a2234223b6e616d657c733a353a2261646d696e223b757365725f6c6576656c7c733a313a2231223b6c6f67676564696e7c623a313b),
('97495e7436957c766b3c823f6c074da76740d497', '::1', 1486902801, 0x5f5f63695f6c6173745f726567656e65726174657c693a313438363930323830313b757365725f69647c733a313a2234223b6e616d657c733a353a2261646d696e223b757365725f6c6576656c7c733a313a2231223b6c6f67676564696e7c623a313b),
('facebe5f5670f0214bfb8d4c715e3840b1ae6116', '::1', 1486903174, 0x5f5f63695f6c6173745f726567656e65726174657c693a313438363930333137333b6d73677c733a32333a22596f7520617265206e6f77206c6f67676564206f757420223b5f5f63695f766172737c613a313a7b733a333a226d7367223b733a333a226f6c64223b7d),
('d0c8bff2391d9c2861cb9ca4ebf674d892ab5d2c', '::1', 1486903589, 0x5f5f63695f6c6173745f726567656e65726174657c693a313438363930333437333b757365725f69647c733a313a2234223b6e616d657c733a353a2261646d696e223b757365725f6c6576656c7c733a313a2231223b6c6f67676564696e7c623a313b),
('797dfad6949aa9285c7aee43ba8215e0bd1715de', '::1', 1486903834, 0x5f5f63695f6c6173745f726567656e65726174657c693a313438363930333631313b),
('ebfd84edfd181111bb427c848ee869663175593a', '::1', 1486905948, 0x5f5f63695f6c6173745f726567656e65726174657c693a313438363930353735393b757365725f6c6576656c7c733a313a2231223b757365725f69647c733a313a2234223b6e616d657c733a353a2261646d696e223b6c6f67676564696e7c623a313b6d73677c733a32373a22596f7520617265206e6f77206c6f6767656720696e2061646d696e223b5f5f63695f766172737c613a313a7b733a333a226d7367223b733a333a226f6c64223b7d),
('8c6db7ea13c627611889a467c9bf10b6c3dd8711', '::1', 1486906167, 0x5f5f63695f6c6173745f726567656e65726174657c693a313438363930363136363b757365725f6c6576656c7c733a313a2231223b6d73677c733a32333a22596f7520617265206e6f77206c6f67676564206f757420223b5f5f63695f766172737c613a313a7b733a333a226d7367223b733a333a226f6c64223b7d);

-- --------------------------------------------------------

--
-- Table structure for table `post`
--

CREATE TABLE `post` (
  `post_id` int(10) UNSIGNED NOT NULL,
  `post_title` varchar(200) NOT NULL,
  `post_text` text NOT NULL,
  `post_attachment` varchar(250) NOT NULL,
  `user_id` int(11) NOT NULL,
  `status` enum('active','inactive') NOT NULL,
  `category_id` int(11) NOT NULL,
  `created` timestamp NOT NULL DEFAULT CURRENT_TIMESTAMP
) ENGINE=InnoDB DEFAULT CHARSET=latin1;

--
-- Dumping data for table `post`
--

INSERT INTO `post` (`post_id`, `post_title`, `post_text`, `post_attachment`, `user_id`, `status`, `category_id`, `created`) VALUES
(2, 'lost but found id card ', 'there is a lost but found key which was found in HA theater belonging to sanusi umar reg num ees/14/geo/00333\r\n ', '', 1, 'active', 7, '2017-02-05 02:52:16'),
(3, 'Fixed lecture geo2208', 'geo 2208 fixed lecture to be hold on saturday 22/12/2016', '', 1, 'active', 2, '2017-02-05 02:52:16'),
(4, 'exams starts next week', 'exams starts next week we , the students are urged to read there books', 'no-attachment', 2, 'active', 7, '2017-02-05 02:52:16'),
(6, 'soil geography test', 'soil geography test will take place on 24/4/2022 in the cb17', 'no-attachment', 3, 'active', 1, '2017-02-05 03:22:16'),
(7, 'New hod for urban and regional planing', 'Mallam barau has been appointed the new hod of urp on 22/1/2916', 'no-attachment', 2, 'active', 7, '2017-02-05 03:30:16'),
(8, 'Level 4 students project', 'level 400 students to submit there project on monday, failure to do so will attract deduction of marks', 'no-attachment', 2, 'active', 4, '2017-02-05 03:43:49'),
(9, 'eep is now in second semester', 'the eep course is now in second semester, this is to inform the level 300 student', 'no-attachment', 2, 'active', 3, '2017-02-08 13:21:28'),
(10, 'Remote sencing  assignment', 'they will be an assignment on remote sencing to be submitted on 24/12/2013', 'no-attachment', 2, 'active', 4, '2017-02-08 13:35:12'),
(11, 'Theft in the school library', 'there are ongoing missing items which could not be found in the school library', 'no-attachment', 2, 'active', 7, '2017-02-10 11:28:11'),
(15, 'lost but found id card', 'there is a lost but found key which was found in HA theater belonging to sanusi umar reg num ees/14/geo/00333', 'no-attachment', 4, 'active', 7, '2017-02-12 02:46:45'),
(16, 'Information on hostel', 'There is no more room available for students , student are here by advice to wait till next', 'no-attachment', 2, 'active', 7, '2017-02-12 12:07:07');

-- --------------------------------------------------------

--
-- Table structure for table `users`
--

CREATE TABLE `users` (
  `user_id` int(10) UNSIGNED NOT NULL,
  `name` varchar(250) NOT NULL,
  `reg_no` varchar(16) NOT NULL,
  `password` varchar(40) NOT NULL,
  `user_status` enum('active','inactive') NOT NULL,
  `user_level` int(11) NOT NULL DEFAULT '0'
) ENGINE=InnoDB DEFAULT CHARSET=latin1;

--
-- Dumping data for table `users`
--

INSERT INTO `users` (`user_id`, `name`, `reg_no`, `password`, `user_status`, `user_level`) VALUES
(1, 'user1 user1', 'ees/14/geo/00083', 'password', 'active', 0),
(2, 'umar abdulrahim', 'ees/14/geo/00083', '5baa61e4c9b93f3f0682250b6cf8331b7ee68fd8', 'inactive', 0),
(3, 'sule sabo', 'ees/14/geo/00081', '5baa61e4c9b93f3f0682250b6cf8331b7ee68fd8', 'inactive', 0),
(4, 'admin', 'Nill', '5baa61e4c9b93f3f0682250b6cf8331b7ee68fd8', 'active', 1);

--
-- Indexes for dumped tables
--

--
-- Indexes for table `category`
--
ALTER TABLE `category`
  ADD PRIMARY KEY (`category_id`);

--
-- Indexes for table `ci_sessions`
--
ALTER TABLE `ci_sessions`
  ADD KEY `ci_sessions_timestamp` (`timestamp`);

--
-- Indexes for table `post`
--
ALTER TABLE `post`
  ADD PRIMARY KEY (`post_id`);

--
-- Indexes for table `users`
--
ALTER TABLE `users`
  ADD PRIMARY KEY (`user_id`);

--
-- AUTO_INCREMENT for dumped tables
--

--
-- AUTO_INCREMENT for table `category`
--
ALTER TABLE `category`
  MODIFY `category_id` int(10) UNSIGNED NOT NULL AUTO_INCREMENT, AUTO_INCREMENT=8;
--
-- AUTO_INCREMENT for table `post`
--
ALTER TABLE `post`
  MODIFY `post_id` int(10) UNSIGNED NOT NULL AUTO_INCREMENT, AUTO_INCREMENT=17;
--
-- AUTO_INCREMENT for table `users`
--
ALTER TABLE `users`
  MODIFY `user_id` int(10) UNSIGNED NOT NULL AUTO_INCREMENT, AUTO_INCREMENT=5;
/*!40101 SET CHARACTER_SET_CLIENT=@OLD_CHARACTER_SET_CLIENT */;
/*!40101 SET CHARACTER_SET_RESULTS=@OLD_CHARACTER_SET_RESULTS */;
/*!40101 SET COLLATION_CONNECTION=@OLD_COLLATION_CONNECTION */;
